country	year	average
AE	2009	141506.753713
AE	1998	283359.506333
AR	2004	303023.8125
AR	2003	280744.0
AR	2002	255540.90625
AR	2001	310569.0
AR	2000	331581.59375
AR	1999	339681.8125
AR	1998	359194.3125
AR	1997	351657.6875
AR	1973	313883.1875
AR	1972	297623.5
AR	1971	290764.90625
AR	1970	279292.0
AR	1961	239268.90625
AR	1960	216068.796875
AR	1959	202943.0
AR	1958	223821.703125
AR	1957	214007.5
AR	1956	207019.203125
AR	1955	205755.703125
AR	1954	195310.40625
AR	1953	191398.796875
AR	1952	184924.0
AR	1951	200997.0
AR	1950	197153.796875
AU	2016	77975.296875
AU	2015	77445.703125
AU	2014	76906.8984375
AU	2013	76751.3984375
AU	2012	76186.5
AU	2011	73943.0
AU	2010	72966.296875
AU	2009	73423.8984375
AU	2008	73551.8984375
AU	2007	72116.1015625
AU	2006	71343.203125
AU	2005	70553.296875
AU	2004	70267.296875
AU	2003	68080.5
AU	2002	66864.0
AU	2001	65085.8984375
AU	2000	65025.8007812
AU	1999	63089.0
AU	1998	61012.3007812
AU	1997	59115.6015625
AU	1996	57305.0
AU	1995	55618.0
AU	1994	54514.6015625
AU	1993	53141.6992188
AU	1992	51414.0
AU	1991	51864.8007812
AU	1990	53449.1992188
AU	1989	53108.3007812
AU	1988	52397.8984375
AU	1987	50453.1015625
AU	1986	50585.8984375
AU	1985	49936.1992188
AU	1984	48561.3984375
AU	1983	47513.6015625
AU	1982	49940.1015625
AU	1981	49544.8007812
AU	1980	48980.3984375
AU	1979	48614.1992188
AU	1978	47445.6015625
AU	1977	48198.5
AU	1976	47201.6992188
AU	1975	47037.6992188
AU	1974	46686.8984375
AU	1973	45342.5
AU	1972	44932.3984375
AU	1971	44110.5
AU	1970	43766.3984375
AU	1969	42527.1015625
AU	1968	40218.3984375
AU	1967	39547.5
AU	1966	37532.0
AU	1965	37469.1992188
AU	1964	36608.8984375
AU	1963	34584.8984375
AU	1962	32929.0
AU	1961	32902.5
AU	1960	32460.5996094
AU	1959	31831.9003906
AU	1958	30503.0996094
AU	1957	29642.8007812
AU	1956	29713.6992188
AU	1955	29286.8007812
AU	1954	28180.0996094
AU	1953	26863.4003906
AU	1952	26524.8007812
AU	1951	26910.6992188
AU	1950	26328.3007812
BH	2015	8686.00993415
BH	2005	11891.0736299
BH	1995	12740.9947734
BR	2015	37113.4815254
BR	2014	39518.8828337
BR	2013	42218.1025811
BR	2012	40562.3134057
BR	2011	39976.691835
BR	2010	38894.4990315
BR	2009	37271.5465998
BR	2008	38209.6631671
BR	2007	37439.3511504
BR	2006	35849.8668271
BR	2005	35184.1757366
BR	2004	34893.6807667
BR	2003	33533.2729487
BR	2002	33939.0477022
BR	2001	33866.3817908
CA	2000	56502.6992188
CA	1999	53655.6992188
CA	1998	51388.3984375
CA	1997	50469.1015625
CA	1996	48937.0
CA	1995	48789.5
CA	1994	47946.1992188
CA	1993	46510.0
CA	1992	45632.3007812
CA	1991	46052.5
CA	1990	47574.3007812
CA	1989	48698.6015625
CA	1988	48827.8984375
CA	1987	47452.0
CA	1986	45970.5
CA	1985	45979.3007812
CA	1984	44560.3007812
CA	1983	42686.0
CA	1982	41858.3984375
CA	1981	44876.8984375
CA	1980	44849.6015625
CA	1979	45267.0
CA	1978	44734.3984375
CA	1977	44317.6992188
CA	1976	44082.6992188
CA	1975	42585.8007812
CA	1974	43513.8984375
CA	1973	43616.6992188
CA	1972	41718.0
CA	1971	40320.8007812
CA	1970	39680.5
CA	1969	39706.6015625
CA	1968	38644.3007812
CA	1967	37523.8984375
CA	1966	37596.0
CA	1965	36112.6015625
CA	1964	34667.1992188
CA	1963	33044.1992188
CA	1962	31811.3007812
CA	1961	29968.1992188
CA	1960	28371.9003906
CA	1959	28094.3007812
CA	1958	27512.0
CA	1957	27646.9003906
CA	1956	27469.5996094
CA	1955	25835.0996094
CA	1954	23949.8007812
CA	1953	24844.5996094
CA	1952	24269.8007812
CA	1951	23071.9003906
CA	1950	22294.3007812
CH	2014	77924.5703125
CH	2013	78502.2265625
CH	2012	78384.6171875
CH	2011	77756.15625
CH	2010	81175.2109375
CH	2009	75722.7578125
CH	2008	71565.859375
CH	2007	76344.4296875
CH	2006	80340.6015625
CH	2005	77545.84375
CH	2004	74195.7109375
CH	2003	73707.890625
CH	2002	70904.2265625
CH	2001	73685.421875
CH	2000	75866.4296875
CH	1999	72125.1171875
CH	1998	72017.6328125
CH	1997	70338.6328125
CH	1996	67595.734375
CH	1995	67553.3359375
CH	1993	70045.6015625
CH	1991	71296.15625
CH	1989	71268.65625
CH	1987	68646.7578125
CH	1985	67195.6015625
CH	1983	62331.34375
CH	1981	61739.484375
CH	1980	60876.1289062
CH	1979	60796.6953125
CH	1978	60337.3398438
CH	1977	60691.8007812
CH	1976	59077.515625
CH	1975	58790.8203125
CH	1974	61656.796875
CH	1973	60846.390625
CH	1972	60479.359375
CH	1971	59016.6953125
CH	1970	56090.7695312
CH	1969	53321.3710938
CH	1968	51160.4921875
CH	1967	50288.8515625
CH	1966	49735.359375
CH	1965	49572.2578125
CH	1964	49069.0117188
CH	1963	47459.109375
CH	1962	46112.6289062
CH	1961	44796.09375
CH	1960	41751.2851562
CH	1959	39542.703125
CH	1958	37561.359375
CH	1957	39323.0195312
CH	1956	38160.7734375
CH	1955	35970.7148438
CH	1954	33966.6132812
CH	1953	32512.9160156
CH	1952	31922.8632812
CH	1951	32369.0585938
CH	1950	30089.5136719
CI	2014	911463.395061
CI	2008	871787.865983
CI	2002	952253.999442
CI	1998	1083154.93967
CI	1993	1069159.56631
CI	1988	1567460.16717
CN-RU	2015	23911.320455
CN-RU	2014	22897.0631703
CN-RU	2013	21107.4082343
CN-RU	2012	19857.9414381
CN-RU	2011	18506.5786561
CN-RU	2010	17067.7261107
CN-RU	2009	15554.5339299
CN-RU	2008	14881.8263321
CN-RU	2007	14155.6486726
CN-RU	2006	12752.0015457
CN-RU	2005	11656.7871657
CN-RU	2004	10922.6191105
CN-RU	2003	10259.0035413
CN-RU	2002	9998.96300454
CN-RU	2001	9930.57829381
CN-RU	2000	9738.53249541
CN-RU	1999	9975.22609756
CN-RU	1998	10139.4323277
CN-RU	1997	10091.9307035
CN-RU	1996	9951.46069147
CN-RU	1995	9403.41190478
CN-RU	1994	9137.10530932
CN-RU	1993	8871.56073596
CN-RU	1992	9271.22965785
CN-RU	1991	8777.63372502
CN-RU	1990	8442.29832976
CN-RU	1989	8911.06077112
CN-RU	1988	9813.40062514
CN-RU	1987	9352.98427959
CN-RU	1986	8998.50123467
CN-RU	1985	9119.40108264
CN-RU	1984	7802.86932751
CN-RU	1983	6639.95883271
CN-RU	1982	6039.53779428
CN-RU	1981	5803.50288013
CN-RU	1980	5540.92745996
CN-RU	1979	5360.3799893
CN-RU	1978	5142.78291033
CN-UR	2015	83704.2440456
CN-UR	2014	80143.4362389
CN-UR	2013	74498.4875233
CN-UR	2012	68950.2722012
CN-UR	2011	64751.0973523
CN-UR	2010	61742.3610761
CN-UR	2009	58013.4839575
CN-UR	2008	54268.9041274
CN-UR	2007	51039.0568351
CN-UR	2006	45656.9492752
CN-UR	2005	41066.5429442
CN-UR	2004	37556.364448
CN-UR	2003	34510.4265284
CN-UR	2002	31980.8788878
CN-UR	2001	28930.4134389
CN-UR	2000	27264.3049547
CN-UR	1999	26533.6509541
CN-UR	1998	25572.1359801
CN-UR	1997	25033.9815039
CN-UR	1996	24991.8244461
CN-UR	1995	25520.8651707
CN-UR	1994	26209.1789032
CN-UR	1993	24866.0124035
CN-UR	1992	24023.9078047
CN-UR	1991	21222.1627216
CN-UR	1990	18731.8407788
CN-UR	1989	20559.5423223
CN-UR	1988	21467.6008459
CN-UR	1987	20467.1714729
CN-UR	1986	19323.7588208
CN-UR	1985	17176.8599512
CN-UR	1984	14495.4665841
CN-UR	1983	12280.1824069
CN-UR	1982	11969.0668691
CN-UR	1981	11117.253431
CN-UR	1980	10797.5944807
CN-UR	1979	10357.0830021
CN-UR	1978	9979.19047497
CN	2015	57455.0691161
CN	2014	54251.1073862
CN	2013	49794.2455612
CN	2012	45665.8255283
CN	2011	42216.270335
CN	2010	39382.5535633
CN	2009	36079.91401
CN	2008	33389.6206979
CN	2007	31081.1681993
CN	2006	27343.0470821
CN	2005	24300.0359914
CN	2004	22044.8744368
CN	2003	20088.1601324
CN	2002	18591.6470649
CN	2001	17085.8665773
CN	2000	16086.3235813
CN	1999	15734.1977304
CN	1998	15286.2625569
CN	1997	14859.9306032
CN	1996	14535.7429859
CN	1995	14083.9809987
CN	1994	14004.3201547
CN	1993	13348.4192147
CN	1992	13322.2937224
CN	1991	12130.219617
CN	1990	11159.7345518
CN	1989	11964.1579613
CN	1988	12821.8939002
CN	1987	12167.0187142
CN	1986	11530.7619313
CN	1985	11029.5746964
CN	1984	9343.12199675
CN	1983	7859.57560731
CN	1982	7292.47624715
CN	1981	6874.56897833
CN	1980	6560.25382373
CN	1979	6307.80835341
CN	1978	6009.23539123
CO	2010	21691074.0
CO	2009	21063916.0
CO	2008	21425600.0
CO	2007	21093502.0
CO	2006	20311346.0
CO	2005	19114274.0
CO	2004	18635544.0
CO	2003	17898702.0
CO	2002	17826506.0
CO	2001	17894162.0
CO	2000	18369722.0
CO	1999	17988372.0
CO	1998	18960226.0
CO	1997	19937294.0
CO	1996	20015300.0
CO	1995	20955134.0
CO	1994	20708510.0
CZ	2015	399086.656076
CZ	2014	377301.347352
CZ	2013	370644.531755
CZ	2012	374243.579835
CZ	2011	372776.072098
CZ	2010	365771.867593
CZ	2009	360838.119385
CZ	2008	391976.777873
CZ	2007	388743.724761
CZ	2006	372723.264243
CZ	2005	356708.010871
CZ	2004	335078.034073
CZ	2003	323204.767311
CZ	2002	312218.250372
CZ	2001	309541.414251
CZ	2000	302456.893966
CZ	1999	293872.797127
CZ	1998	295884.403707
CZ	1997	300382.982004
CZ	1996	310593.703251
CZ	1995	301444.823897
CZ	1994	296340.958506
CZ	1993	288186.97562
CZ	1992	285364.122065
DE	2016	40297.0
DE	2015	39640.3007812
DE	2014	39105.1015625
DE	2013	38629.6992188
DE	2012	38587.6992188
DE	2011	38686.6015625
DE	2010	37106.6015625
DE	2009	35629.6015625
DE	2008	37732.8007812
DE	2007	37809.3984375
DE	2006	36803.8984375
DE	2005	35137.8007812
DE	2004	34958.0
DE	2003	33939.8984375
DE	2002	34211.1015625
DE	2001	34566.1015625
DE	2000	34232.3984375
DE	1999	33434.3984375
DE	1998	32931.0
DE	1997	32435.8007812
DE	1996	32004.9003906
DE	1995	31868.5
DE	1994	31518.5996094
DE	1993	31080.5996094
DE	1992	31905.0
DE	1991	31670.9003906
DE	1990	33496.3984375
DE	1989	32537.4003906
DE	1988	31827.5
DE	1987	30824.5
DE	1986	30784.8007812
DE	1985	30354.5
DE	1984	29796.3007812
DE	1983	28981.0
DE	1982	28578.5996094
DE	1981	29045.8007812
DE	1980	29444.5
DK	2010	392478.83462
DK	2009	379210.825518
DK	2008	403516.263866
DK	2007	404954.042809
DK	2006	409248.709927
DK	2005	392487.748401
DK	2004	375944.739795
DK	2003	360331.242516
DK	2002	358119.756637
DK	2001	355563.935773
DK	2000	352219.390014
DK	1999	343203.804092
DK	1998	333760.821393
DK	1997	327376.978522
DK	1996	318305.943032
DK	1995	309450.224985
DK	1994	303812.76902
DK	1993	290114.138029
DK	1992	291834.833006
DK	1991	284084.3812
DK	1990	283551.302514
DK	1989	281482.682599
DK	1988	282184.893751
DK	1987	287749.705921
DK	1986	289805.328987
DK	1985	273785.816496
DK	1984	264303.700001
DK	1983	255783.285154
DK	1982	248910.0642
DK	1981	243724.704868
DK	1980	251630.551008
DK	1979	256077.425471
DK	1978	251380.27909
DK	1977	243658.091928
DK	1976	239829.408025
DK	1975	224667.131569
DK	1974	228124.809047
DK	1973	242106.200545
DK	1972	231336.118014
DK	1971	222040.467095
DK	1970	218685.512643
DK	1968	197478.914712
DK	1967	189988.250503
DK	1966	181252.056155
DK	1965	178649.080393
DK	1964	171350.02771
DK	1963	156336.069548
DK	1962	157594.310342
DK	1961	150455.989494
DK	1960	142780.757377
DK	1959	140670.450057
DK	1958	131383.102888
DK	1957	129705.237462
DK	1956	120601.96441
DK	1955	120433.65274
DK	1954	120065.865361
DK	1953	118553.826102
DK	1952	112424.922933
DK	1951	112517.53733
DK	1950	112978.532624
EG	2015	45416.1672445
EG	2012	43565.1520807
EG	2010	43612.4659252
EG	2008	45179.0506196
EG	2004	38516.8742508
EG	1999	37893.1396939
ES	2012	22849.8085938
ES	2011	23393.4863281
ES	2010	23905.578125
ES	2009	23967.6308594
ES	2008	24997.4023438
ES	2007	25332.9824219
ES	2006	25158.3027344
ES	2005	24768.0214844
ES	2004	24582.0058594
ES	2003	24424.8164062
ES	2002	24136.5097656
ES	2001	23949.4257812
ES	2000	23514.9550781
ES	1999	22630.5839844
ES	1998	22404.4492188
ES	1997	21540.421875
ES	1996	20845.2792969
ES	1995	20527.7617188
ES	1994	19799.2832031
ES	1993	19736.640625
ES	1992	20435.1875
ES	1991	20447.984375
ES	1990	20120.109375
ES	1989	19492.7382812
ES	1988	18496.7714844
ES	1987	17647.5996094
ES	1986	16597.6679688
ES	1985	15995.3740234
ES	1984	15635.9404297
ES	1983	15716.9765625
ES	1982	15756.7675781
ES	1981	15723.7373047
ES	1971	12138.4248047
ES	1961	6833.18164062
ES	1959	6171.92822266
ES	1958	6291.28466797
ES	1957	5890.15576172
ES	1955	5455.41503906
ES	1954	5327.22216797
ES	1953	5098.92431641
ES	1952	5145.25292969
ES	1951	4743.20458984
ES	1950	4301.73876953
ES	1949	4297.38671875
ES	1948	4346.24804688
ES	1947	4407.95214844
ES	1946	4418.25878906
ES	1945	4297.12939453
ES	1944	4759.07958984
ES	1943	4589.79003906
ES	1942	4432.859375
ES	1941	4190.12353516
ES	1940	4226.84619141
ES	1935	5144.84326172
FR	2014	35777.813
FR	2013	35566.563
FR	2012	35466.406
FR	2011	36058.992
FR	2010	35475.777
FR	2009	34820.051
FR	2008	36570.406
FR	2007	36995.984
FR	2006	36443.426
FR	2005	35868.117
FR	2004	35552.898
FR	2003	34812.82
FR	2002	34820.551
FR	2001	35162.059
FR	2000	34927.852
FR	1999	34022.281
FR	1998	32836.828
FR	1997	31778.926
FR	1996	31041.828
FR	1995	30602.041
FR	1994	30125.445
FR	1993	29702.311
FR	1992	30211.635
FR	1991	29961.91
FR	1990	30165.145
FR	1989	29670.08
FR	1988	28778.686
FR	1987	27738.578
FR	1986	27230.828
FR	1985	26636.584
FR	1984	26287.436
FR	1983	26182.055
FR	1982	26281.09
FR	1981	26054.697
FR	1980	26148.645
FR	1979	26113.676
FR	1978	25428.182
FR	1977	24686.793
FR	1976	24174.99
FR	1975	23348.385
FR	1974	23792.246
FR	1973	23121.895
FR	1972	22048.701
FR	1971	21365.26
FR	1970	20551.426
GB	2014	32403.9201272
GB	2013	32151.775152
GB	2012	31886.933118
GB	2011	32251.3618153
GB	2010	32092.1786625
GB	2009	32462.4387013
GB	2008	34231.6186948
GB	2007	34288.9074805
GB	2006	34188.4210327
GB	2005	33613.4012286
GB	2004	32918.1448085
GB	2003	32519.5723182
GB	2002	31276.3396135
GB	2001	30707.1768218
GB	2000	30221.2112252
GB	1999	29741.6596845
GB	1998	28778.2969666
GB	1997	27785.1997848
GB	1996	27082.227329
GB	1995	26505.847129
GB	1994	25759.9382434
GB	1993	24969.0904642
GB	1992	24305.4150699
GB	1991	24112.3085313
GB	1990	24632.1730127
GH	1959	8055.2129
GH	1958	7214.1436
GH	1957	7607.8477
GH	1956	7606.8643
GH	1955	7416.2983
GH	1954	8257.3545
GH	1953	7533.3013
GH	1952	6789.707
GH	1951	7163.4409
HU	2008	3081257.0
HU	2007	3099583.0
HU	2006	3226617.25
HU	2005	3141402.75
HU	2004	3054267.25
HU	2003	2955513.5
HU	2002	2795172.0
HU	2001	2559666.0
HU	2000	2439494.75
HU	1999	2310995.0
HU	1998	2285684.0
HU	1997	2199701.25
HU	1996	2120168.25
HU	1995	2185806.5
HU	1994	2109635.25
HU	1993	2040556.625
HU	1992	2076545.625
HU	1988	2578543.75
HU	1986	2423315.5
HU	1984	2481971.0
HU	1982	2496956.5
HU	1980	2355963.25
HU	1978	2460448.5
HU	1976	2237347.0
HU	1974	2093244.0
HU	1972	1946640.375
HU	1970	1778468.0
HU	1968	1588003.625
HU	1966	1368689.875
HU	1964	1306855.0
HU	1962	1204724.0
HU	1961	1161168.875
HU	1960	1115399.375
HU	1958	871306.0625
HU	1957	867374.9375
HU	1956	663165.6875
HU	1955	779696.625
HU	1951	752504.25
IN	2013	139758.528611
IN	2012	134295.20098
IN	2011	131326.257777
IN	2010	124478.001764
IN	2009	116251.268522
IN	2008	111871.695283
IN	2007	108729.595704
IN	2006	100868.621512
IN	2005	94205.5799136
IN	2004	88560.7104875
IN	2003	83411.0113786
IN	2002	79852.2176427
IN	2001	78517.5274042
IN	2000	77605.7327589
IN	1999	75701.6887364
IN	1998	72479.1985786
IN	1997	74352.569645
IN	1996	72843.5360601
IN	1995	70725.9521824
IN	1994	68023.7006869
IN	1993	65328.945151
IN	1992	62006.8438352
IN	1991	62299.6936784
IN	1990	63504.6706284
IN	1989	61037.1937592
IN	1988	57217.0128795
IN	1987	54940.6422081
IN	1986	54194.2063846
IN	1985	54023.0977547
IN	1984	51681.3099661
IN	1983	51173.050935
IN	1982	51261.5695075
IN	1981	50643.4018159
IN	1980	49917.4636243
IN	1979	48653.4723326
IN	1978	48407.0726016
IN	1977	46482.4907882
IN	1976	46261.000132
IN	1975	40396.0956893
IN	1974	40000.7051032
IN	1973	44766.4973942
IN	1972	45174.1792156
IN	1971	44993.5057024
IN	1970	45642.6903394
IN	1969	44398.4963211
IN	1968	42430.7686177
IN	1967	42198.8538426
IN	1966	39536.6050893
IN	1965	39850.1350519
IN	1964	42416.084236
IN	1963	39913.4308688
IN	1962	38563.0409918
IN	1961	38360.8273474
IN	1960	37885.3162085
IN	1959	35923.1601518
IN	1958	35825.4361005
IN	1957	33786.8778684
IN	1956	34808.4740463
IN	1955	33265.9532453
IN	1954	33049.0981993
IN	1953	32216.0134499
IN	1952	30656.3341116
IN	1951	30128.6039796
IQ	2007	5598165.27433
IR	2013	184237681.361
IR	2010	218541161.88
IT	2009	29101.6963384
IT	2008	31008.0976833
IT	2007	32150.6789601
IT	2006	32030.2015744
IT	2005	31471.0008661
IT	2004	31372.9051613
IT	2003	31094.1804942
IT	2002	31301.3682701
IT	2001	31531.5512072
IT	2000	31053.9651155
IT	1999	30117.6676147
IT	1998	29658.3557738
IT	1997	29345.3644093
IT	1996	28787.9651547
IT	1995	28475.0252429
IT	1994	27573.0862301
IT	1993	27215.8956851
IT	1992	27736.176127
IT	1991	28074.2117677
IT	1990	27970.7574143
IT	1989	27845.1318525
IT	1988	27250.8393843
IT	1987	26350.2609326
IT	1986	25695.8640001
IT	1985	25181.2437341
IT	1984	24816.2190256
IT	1983	24214.9866539
IT	1982	24039.448083
IT	1981	24234.3914799
IT	1980	24669.8073135
IT	1979	23972.1928801
IT	1978	22576.4922537
IT	1977	21918.8030416
IT	1976	21525.286559
IT	1975	20129.9036637
IT	1974	20998.2874943
JO	2013	5631.91462668
JO	2010	5838.92371755
JO	2008	6399.23549391
JO	2006	6067.49272455
JO	2002	5177.274375
JO	1992	4498.84447246
JP	2010	3767235.0
JP	2009	3573725.5
JP	2008	3839540.8
JP	2007	3945474.3
JP	2006	3876082.8
JP	2005	3813083.5
JP	2004	3751461.5
JP	2003	3656224.5
JP	2002	3603724.8
JP	2001	3626050.5
JP	2000	3628293.8
JP	1999	3550775.0
JP	1998	3605523.0
JP	1997	3713132.5
JP	1996	3733549.3
JP	1995	3629336.5
JP	1994	3537511.8
JP	1993	3557752.3
JP	1992	3616041.3
JP	1991	3658445.5
JP	1990	3617368.3
JP	1989	3468923.8
JP	1988	3345614.5
JP	1987	3153693.0
JP	1986	3068541.0
JP	1985	3030145.3
JP	1984	2877641.0
JP	1983	2787751.0
JP	1982	2746825.5
JP	1981	2692792.0
JP	1980	2643785.5
JP	1979	2568793.3
JP	1978	2446401.0
JP	1977	2369703.0
JP	1976	2304759.8
JP	1975	2245143.3
JP	1974	2184549.8
JP	1973	2213741.3
JP	1972	2085544.9
JP	1971	1973670.5
JP	1970	1913393.6
JP	1969	1796071.5
JP	1968	1647760.8
JP	1967	1515933.4
JP	1966	1413542.3
JP	1965	1297684.8
JP	1964	1283753.6
JP	1963	1210406.0
JP	1962	1162619.1
JP	1961	1112496.6
JP	1960	1034254.6
JP	1959	956419.31
JP	1958	900415.88
JP	1957	861528.0
JP	1956	809526.81
JP	1955	780983.13
JP	1954	725633.38
JP	1953	709091.81
JP	1952	687638.31
JP	1951	649979.0
JP	1950	559653.88
JP	1949	544810.19
JP	1948	496319.41
JP	1947	459214.91
JP	1946	387227.5
KE	1970	221386.02
KE	1969	241454.61
KE	1968	229508.61
KE	1967	217912.39
KE	1966	216707.11
KE	1965	191598.03
KE	1964	192887.53
KE	1963	187484.38
KE	1962	174667.66
KE	1961	161180.91
KE	1960	179298.44
KE	1959	175467.16
KE	1958	174420.55
KE	1957	176090.8
KE	1956	173747.63
KE	1955	167454.86
KE	1954	158683.28
KE	1953	144188.34
KE	1952	151837.94
KE	1951	176457.41
KE	1950	145135.47
KR	2016	32982536.0
KR	2015	32304968.0
KR	2014	31827440.0
KR	2013	31432330.0
KR	2012	31081460.0
KR	2011	30783720.0
KR	2010	30157582.0
KR	2009	28209204.0
KR	2008	28710644.0
KR	2007	28661158.0
KR	2006	27387746.0
KR	2005	26266740.0
KR	2004	25715198.0
KR	2003	24804558.0
KR	2002	24579070.0
KR	2001	23057706.0
KR	2000	22556998.0
KR	1999	20948210.0
KR	1998	18895036.0
KR	1997	21103538.0
KR	1996	20472754.0
KR	1995	19486228.0
KR	1994	18467238.0
KR	1993	17231358.0
KR	1992	16546875.0
KR	1991	16122327.0
KR	1990	14900459.0
KR	1989	14024653.0
KR	1988	13393172.0
KR	1987	12250708.0
KR	1986	11097904.0
KR	1985	10258325.0
KR	1984	9897342.0
KR	1983	9228945.0
KR	1982	8435294.0
KR	1981	8078341.5
KR	1980	7861819.0
KR	1979	8468624.0
KR	1978	8170155.0
KR	1977	7568410.5
KR	1976	6987973.0
KR	1940	3272236.8
KR	1939	2802478.3
KR	1938	3138053.3
KR	1937	3148748.0
KR	1936	2651687.5
KR	1935	2652011.3
KR	1934	2481034.3
KR	1933	2506383.8
KW	2013	14982.9846819
KW	2007	21741.1817602
LB	2014	16465825.2341
LB	2013	16934250.3947
LB	2012	18671753.5309
LB	2011	19971710.1304
LB	2010	20216819.3995
LB	2009	19876817.4295
LB	2008	19389729.9056
LB	2007	18381601.643
LB	2006	16717243.8909
LB	2005	16856457.6788
MU	2011	370301.97
MU	2010	361516.44
MU	2009	373161.22
MU	2008	380294.94
MU	2007	371547.53
MU	2006	350382.91
MU	2005	353124.28
MU	2004	350814.84
MU	2003	334841.31
MU	2002	316825.09
MU	2001	315968.22
MU	2000	305747.88
MU	1999	290955.56
MU	1998	289415.25
MU	1997	284259.0
MU	1996	271934.28
MU	1995	265186.44
MU	1994	261507.17
MU	1993	256457.81
MU	1992	252492.36
MU	1991	243766.17
MU	1990	217124.88
MU	1989	219270.75
MU	1988	211685.0
MU	1987	214464.19
MU	1986	180768.64
MU	1985	153825.25
MU	1984	141781.14
MU	1983	143418.95
MU	1982	139721.56
MU	1981	132335.55
MU	1980	132812.39
MU	1979	150020.97
MU	1978	179230.91
MU	1977	174485.06
MU	1976	174559.13
MU	1975	140530.81
MU	1974	161315.17
MU	1973	110490.88
MU	1972	115995.4
MU	1971	103476.83
MU	1970	100014.7
MU	1969	103713.98
MU	1968	101432.81
MU	1967	112840.77
MU	1966	110643.02
MU	1965	117882.63
MU	1964	117000.02
MU	1963	130077.66
MU	1962	116317.21
MU	1961	119294.84
MU	1960	98851.117
MU	1959	95774.0
MU	1958	93205.758
MU	1957	93462.258
MU	1956	92541.938
MU	1955	91504.18
MU	1954	91137.383
MU	1953	88434.703
MU	1952	87423.508
MU	1951	87108.086
MU	1950	84391.133
MW	1980	489005.81
MW	1979	455703.88
MW	1978	475046.41
MW	1977	464175.06
MW	1976	457323.69
MW	1975	441151.84
MW	1974	429195.78
MW	1973	409154.56
MW	1972	410424.19
MW	1971	380465.13
MW	1970	338780.06
MW	1969	347295.66
MW	1968	336899.59
MW	1967	354344.47
MW	1966	339025.78
MW	1965	306035.47
MW	1964	275792.22
MW	1963	276074.47
MW	1962	287649.69
MW	1961	292396.22
MW	1960	276099.72
MW	1959	275695.0
MW	1958	272246.59
MW	1957	267993.0
MW	1956	262486.34
MW	1955	247040.0
MW	1954	248444.42
MW	1953	243643.98
MW	1952	239087.69
MW	1951	234463.05
MW	1950	228484.44
MY	2014	50454.6807753
MY	2012	47590.134847
MY	2009	40719.2667702
MY	2007	43299.4442804
MY	2004	35318.5492986
MY	2002	30784.5551915
NG	1959	413371.22
NG	1958	403432.13
NG	1957	416736.97
NG	1956	406523.19
NG	1955	424414.59
NG	1954	421447.59
NG	1953	398535.5
NO	2011	688273.610625
NO	2010	690661.163947
NO	2009	689184.829761
NO	2008	721478.716325
NO	2007	729504.197811
NO	2006	724026.899215
NO	2005	717787.745219
NO	2004	690192.686857
NO	2003	664880.133859
NO	2002	657689.23819
NO	2001	652533.121414
NO	2000	633533.039176
NO	1999	608798.040256
NO	1998	596146.884253
NO	1997	589274.686248
NO	1996	558788.767994
NO	1995	529917.22727
NO	1994	507118.831542
NO	1993	480534.325489
NO	1992	471977.545966
NO	1991	453797.525582
NO	1990	443077.734314
NO	1989	436184.246175
NO	1988	436127.490419
NO	1987	452554.865646
NO	1986	452392.174884
NO	1985	445021.225122
NO	1984	420851.550485
NO	1983	396891.856811
NO	1982	384141.289122
NO	1981	390077.110299
NO	1980	386149.434163
NO	1979	365963.593709
NO	1978	354052.615038
NO	1977	353629.806684
NO	1976	351723.235046
NO	1975	343519.521866
NO	1974	341081.511945
NO	1973	328123.839313
NO	1972	313529.616336
NO	1971	304352.74063
NO	1970	290636.296557
NO	1969	280592.470272
NO	1968	268267.037498
NO	1967	263631.814752
NO	1966	254530.127231
NO	1965	246373.09202
NO	1964	234787.83416
NO	1963	228033.483373
NO	1962	219926.58299
NO	1961	217273.229117
NO	1960	204498.951871
NO	1959	194408.473556
NO	1958	187304.079458
NO	1957	189059.255913
NO	1956	184426.503592
NO	1955	175779.791319
NO	1954	173234.056614
NO	1953	165604.001713
NO	1952	160541.157598
NO	1951	156663.187557
NO	1950	149633.752211
NZ	1999	51642.801
NZ	1998	50639.602
NZ	1997	50282.602
NZ	1996	49226.0
NZ	1995	48801.602
NZ	1994	47749.301
NZ	1993	46445.199
NZ	1992	44819.801
NZ	1991	45518.102
NZ	1990	47093.602
NZ	1989	48914.0
NZ	1988	49966.5
NZ	1987	48268.602
NZ	1986	46564.602
NZ	1985	46837.5
NZ	1984	47907.898
NZ	1983	47321.0
NZ	1982	44258.801
NZ	1981	44500.5
NZ	1980	43181.699
NZ	1979	43520.398
NZ	1978	44410.898
NZ	1977	43706.301
NZ	1976	45137.898
NZ	1975	44655.699
NZ	1974	48300.898
NZ	1973	51650.398
NZ	1972	50498.301
NZ	1971	46047.602
NZ	1970	43604.102
NZ	1969	42925.898
NZ	1968	40632.5
NZ	1967	41145.102
NZ	1966	43068.801
NZ	1965	43494.602
NZ	1964	41647.102
NZ	1963	40381.102
NZ	1962	38322.102
NZ	1961	36559.102
NZ	1960	36725.5
NZ	1959	37467.801
NZ	1958	35231.0
NZ	1957	34279.301
NZ	1956	33789.801
NZ	1955	32554.699
NZ	1954	32595.5
NZ	1953	28748.301
NZ	1952	28334.699
NZ	1951	27581.9
NZ	1950	30760.699
OM	2010	7634.57508889
PL	2015	50794.5
PL	2014	48885.199
PL	2013	47616.801
PL	2012	47140.801
PL	2011	46565.0
PL	2010	44367.801
PL	2009	43333.398
PL	2008	43202.398
PL	2007	40953.898
PL	2006	38867.301
PL	2005	37092.398
PL	2004	35773.0
PL	2003	35449.801
PL	2002	34904.398
PL	2001	34739.699
PL	2000	34803.602
PL	1999	33605.699
PL	1998	32458.801
PL	1997	31371.9
PL	1996	29754.1
PL	1995	28083.699
PL	1994	26187.301
PL	1993	24590.801
PL	1992	23586.5
PL	1989	28935.699
PL	1988	28776.199
PL	1987	27515.4
PL	1986	27331.6
PL	1985	26290.5
PL	1984	25496.301
PL	1983	24092.301
PS	2011	24956.3180994
PS	2010	22819.2148012
PS	2008	22423.7053318
PS	2007	21914.5044819
PS	2006	20732.354776
PS	2005	21910.5493275
PS	2004	19519.3169394
PS	1998	30933.8289232
PS	1997	26323.7154048
PS	1996	23659.0346023
QA	2012	254851.215558
QA	2007	256103.971691
RU	2015	643350.260535
RU	2014	673909.280602
RU	2013	670470.803252
RU	2012	673087.474626
RU	2011	652897.963474
RU	2010	607258.461555
RU	2009	581951.554157
RU	2008	643360.896916
RU	2007	618812.705475
RU	2006	567971.41499
RU	2005	524608.548258
RU	2004	494273.109808
RU	2003	450127.330424
RU	2002	426564.9842
RU	2001	407388.643871
RU	2000	382399.794098
RU	1999	340517.069979
RU	1998	303062.883377
RU	1997	325038.581001
RU	1996	318877.919249
RU	1995	287294.877331
RU	1994	339875.071727
RU	1993	413322.652094
RU	1992	464525.549913
RU	1991	576167.776364
RU	1990	549542.199491
RU	1989	564736.38767
RU	1988	561597.885848
RU	1985	549964.397047
RU	1980	527460.109893
RU	1976	500264.145777
RU	1972	439056.964522
RU	1968	389758.892665
RU	1966	349077.471132
RU	1964	317951.021998
RU	1961	279578.616157
SA	2008	114736.168392
SC	1971	108366.6
SC	1970	95357.813
SC	1969	88400.664
SC	1968	89645.523
SC	1967	83511.977
SC	1966	83884.086
SC	1965	73339.625
SC	1964	75681.719
SC	1963	72322.523
SC	1962	66085.289
SC	1961	61432.883
SC	1955	52274.828
SG	2014	84092.102
SG	2013	82852.5
SG	2012	80651.0
SG	2011	80185.398
SG	2010	77742.102
SG	2009	69297.297
SG	2008	74153.398
SG	2007	76943.797
SG	2006	73474.398
SG	2005	69932.602
SG	2004	66544.797
SG	2003	61423.699
SG	2002	59542.102
SG	2001	57734.699
SG	2000	59756.199
SG	1999	55864.102
SG	1998	54029.0
SG	1997	57804.102
SG	1996	55072.699
SG	1995	53483.102
SG	1994	53330.301
SG	1993	48765.199
SG	1992	46739.602
SG	1991	44921.301
SG	1990	44311.398
SG	1989	41731.5
SG	1988	38671.301
SG	1987	35369.602
SG	1986	33430.398
SG	1985	34561.301
SG	1984	35809.199
SG	1983	33278.0
SG	1982	31141.5
SG	1981	29969.6
SG	1980	28237.9
SG	1979	27518.801
SG	1978	26207.199
SG	1977	24845.1
SG	1976	24107.6
SG	1975	23572.9
SG	1974	23340.801
SG	1973	22867.699
SG	1972	21343.5
SG	1971	19446.0
SG	1970	18095.9
SG	1969	16527.0
SG	1968	15080.2
SG	1967	13737.5
SG	1966	12643.9
SG	1965	11723.0
SG	1964	11148.0
SG	1963	11935.0
SG	1962	11045.7
SG	1961	10553.7
SG	1960	9966.4004
SG	1959	9408.7998
SG	1958	9891.0
SG	1957	9915.0996
SG	1956	9866.5996
SG	1955	9908.0
SG	1954	9769.5996
SG	1953	9773.4004
SG	1952	9530.0
SG	1951	9316.2002
SG	1950	9127.7002
SY	2004	1448308.69982
TH	2016	229678.7
TH	2015	223070.09
TH	2014	219037.91
TH	2013	216769.5
TH	2012	218556.0
TH	2011	212195.7
TH	2010	209089.8
TH	2009	196640.0
TH	2008	200693.3
TH	2007	202389.59
TH	2006	192834.41
TH	2005	183968.0
TH	2004	180210.2
TH	2003	171231.5
TH	2002	161405.2
TH	2001	152736.41
TR	2016	34634.9925323
TR	2015	34293.8394545
TR	2014	33889.6490851
TR	2013	33620.1444789
TR	2012	33069.5042341
TR	2011	33179.7350215
TR	2010	30993.4071199
TR	2009	28678.9496537
TR	2008	31327.4514116
TR	2007	31856.7616527
TR	2006	30987.4162235
TR	2005	29567.4364216
TR	2004	27648.1758021
TR	2003	25594.2378252
TR	2002	24913.6660098
TR	1994	23870.8229228
UG	1970	3131840.5
UG	1969	3196003.8
UG	1968	3220675.0
UG	1967	3266686.0
UG	1966	3410705.8
UG	1965	3557239.0
UG	1964	3565505.3
UG	1963	3288621.3
UG	1962	2875922.0
UG	1961	2703229.8
UG	1960	2850758.5
UG	1959	2791942.5
UG	1958	2716300.3
UG	1957	2760048.3
UG	1956	2695406.3
UG	1955	2596161.5
UG	1954	2492080.3
UG	1953	2600612.8
UG	1952	2552476.3
UG	1951	2457698.8
UG	1950	2641507.5
US	2014	67454.5059401
US	2013	66210.5268676
US	2012	65976.0226685
US	2011	64269.2004489
US	2010	63042.7862358
US	2009	61245.8360557
US	2008	63818.8963159
US	2007	65104.480227
US	2006	65750.7553345
US	2005	64057.8179511
US	2004	62585.943655
US	2003	60725.4950875
US	2002	59797.0380695
US	2001	59815.0110899
US	2000	60048.2325065
US	1999	58154.4368214
US	1998	56371.4027731
US	1997	54175.8818913
US	1996	52156.8969135
US	1995	50433.665838
US	1994	49353.3068099
US	1993	47763.7335091
US	1992	47302.9619014
US	1991	46248.0584348
US	1990	47075.8390506
US	1989	46971.0615551
US	1988	46300.3228281
US	1987	44389.7057503
US	1986	42979.1191265
US	1985	42569.5552858
US	1984	41699.4998409
US	1983	38965.2181675
US	1982	38165.4174705
US	1981	39452.5554006
US	1980	39162.4495556
US	1979	40382.0494146
US	1978	40255.7069836
US	1977	38913.5758982
US	1976	37794.7484564
US	1975	36475.6304223
US	1974	37807.4270371
US	1973	39019.8164838
US	1972	37447.5685422
US	1971	36120.2817597
US	1970	35936.7832548
US	1969	36811.7976855
US	1968	36318.9537212
US	1967	35265.9495751
US	1966	34765.4168903
US	1965	33193.2807937
US	1964	31533.8254954
US	1963	30262.5945266
US	1962	29247.8657595
US	1961	27825.4006809
US	1960	27430.4140676
US	1959	26897.0533713
US	1958	25349.5702358
US	1957	26033.3649372
US	1956	26009.7963136
US	1955	25600.2831
US	1954	23905.8926006
US	1953	24387.3634162
US	1952	23643.7936672
US	1951	23055.6704238
US	1950	21598.732265
US	1949	19845.3576953
US	1948	20545.1819519
US	1947	19666.1196485
US	1946	20386.9340662
US	1945	23239.4974621
US	1944	24116.8264767
US	1943	23356.7503441
US	1942	20228.4768519
US	1941	17142.6645639
US	1940	14473.1196878
US	1939	13362.3341584
US	1938	12498.4539234
US	1937	13500.5032293
US	1936	12736.9482716
US	1935	11536.236498
US	1934	10481.1757544
US	1933	9374.25124674
US	1932	9683.77518142
US	1931	11479.5978097
US	1930	12885.4843744
US	1929	14308.4090518
US	1928	13636.1337588
US	1927	13490.2546134
US	1926	13742.7166065
US	1925	13129.6838839
US	1924	12897.5694381
US	1923	13064.266696
US	1922	11609.7996902
US	1921	10696.1377585
US	1920	11861.1493768
US	1919	12124.8016958
US	1918	12795.9865088
US	1917	12094.6716246
US	1916	12287.9785199
US	1915	10776.6721116
US	1914	10566.629636
US	1913	11695.1608718
ZA	2012	119600.34
ZA	2011	120499.59
ZA	2010	117641.95
ZA	2009	113840.38
ZA	2008	115500.48
ZA	2007	114292.07
ZA	2006	111909.92
ZA	2005	107516.38
ZA	2004	103848.94
ZA	2003	99598.523
ZA	2002	99176.102
ZA	2001	98240.828
ZA	2000	98357.367
ZA	1999	97035.703
ZA	1998	98607.633
ZA	1997	101662.78
ZA	1996	101788.8
ZA	1995	98762.289
ZA	1994	99590.734
ZA	1993	99008.148
ZA	1992	99743.461
ZA	1991	104658.54
ZA	1990	107791.58
ZA	1989	111347.38
ZA	1988	112667.84
ZA	1987	110559.41
ZA	1986	108999.9
ZA	1985	112895.91
ZA	1984	118133.42
ZA	1983	113543.65
ZA	1982	119151.11
ZA	1981	126499.94
ZA	1980	128763.97
ZA	1979	118955.1
ZA	1978	116115.29
ZA	1977	115639.49
ZA	1976	118397.5
ZA	1975	123324.45
ZA	1974	129719.52
ZA	1973	122974.12
ZA	1972	114804.02
ZA	1971	114178.12
ZA	1970	111997.63
ZA	1969	110893.12
ZA	1968	107897.75
ZA	1967	105135.16
ZA	1966	99557.633
ZA	1965	97581.727
ZA	1964	95484.734
ZA	1963	90474.195
ZA	1962	86643.297
ZA	1961	83508.383
ZA	1960	82504.453
ZA	1959	82040.766
ZA	1958	79188.82
ZA	1957	79574.844
ZA	1956	78094.609
ZA	1955	74873.219
ZA	1954	72297.813
ZA	1953	69272.656
ZA	1952	68010.063
ZA	1951	68199.383
ZA	1950	67928.695
ZA	1949	68049.344
ZA	1948	67723.664
ZA	1947	64612.254
ZA	1946	65832.375
ZM	1970	27639.404
ZM	1969	27121.588
ZM	1968	28144.359
ZM	1967	28650.719
ZM	1966	27168.867
ZM	1965	29850.865
ZM	1964	26114.529
ZM	1963	23828.488
ZM	1962	23805.082
ZM	1961	25292.004
ZM	1960	25710.037
ZM	1959	24574.824
ZM	1958	20655.686
ZM	1957	22002.295
ZM	1956	21678.736
ZM	1955	19756.631
ZM	1954	20959.381
ZM	1953	20229.596
ZM	1952	19529.598
ZM	1951	18832.748
ZM	1950	18109.18
ZW	1984	1633.4219
ZW	1983	1736.4603
ZW	1982	1791.1628
ZW	1981	1839.653
ZW	1980	1698.2653
ZW	1979	1568.9656
ZW	1978	1556.4678
ZW	1977	1630.7749
ZW	1976	1790.0145
ZW	1975	1850.3999
ZW	1974	1891.1427
ZW	1973	1906.0275
ZW	1972	1915.7665
ZW	1971	1823.6664
ZW	1970	1728.9063
ZW	1969	1440.5765
ZW	1968	1311.6039
ZW	1967	1320.3431
ZW	1966	1241.6949
ZW	1965	1249.9694
ZW	1964	1220.3569
ZW	1963	1268.6184
ZW	1962	1222.3806
ZW	1961	1239.191
ZW	1960	1197.0797
ZW	1959	1174.7289
ZW	1958	1145.1803
ZW	1957	1165.2927
ZW	1956	1117.1638
ZW	1955	993.79443
ZW	1954	948.4964
ZW	1953	925.99072
ZW	1952	871.68964
ZW	1951	850.09644
ZW	1950	819.29901